id,case_id,tag_id
29025,196,2
29026,196,3
29027,196,4
29029,196,55
34371,582,56
34374,582,38
34375,582,23
32634,903,32
32636,903,2
32637,903,3
32638,903,65
32639,903,9
32640,903,24
32747,927,32
32749,927,27
32750,927,12
32751,927,65
32945,1126,32
32946,1126,27
29282,355,40
32947,1126,12
33049,1144,56
30977,612,65
31070,637,13
31071,637,50
34486,346,39
34487,346,20
31145,652,45
31146,652,46
31147,652,55
34488,346,65
34600,882,2
33156,102,8
31220,671,12
31221,671,13
33158,102,27
33160,102,13
31222,671,65
29283,355,10
29284,355,50
29285,355,24
29362,1108,23
29967,1068,19
30050,405,64
34057,404,2
31371,1025,18
31373,1025,65
30052,405,2
34058,404,4
34059,404,38
34060,404,9
5548,62,10
5549,62,3
34061,404,55
30054,405,55
31430,1005,2
31431,1005,9
31432,1005,55
31486,999,43
34170,1056,56
34171,1056,18
31487,999,28
34172,1056,19
34265,916,2
34266,916,38
34267,916,65
34268,916,46
34270,916,58
34271,916,59
30130,1050,24
34355,601,35
34356,601,65
34357,601,39
34358,601,12
34359,601,27
4057,407,2
30132,1050,2
30133,1050,18
31637,703,2
30206,1039,64
31638,703,9
31639,703,13
31640,703,55
31641,703,59
29440,430,56
29443,430,30
30399,182,42
30400,182,20
30402,182,55
30437,268,9
30438,268,2
30439,268,3
30440,268,55
30473,305,56
30475,305,20
30524,42,10
30541,48,64
30543,48,2
3240,719,32
3242,719,3
3243,719,8
3244,719,13
3245,719,35
3246,719,21
3247,719,24
4187,197,8
34377,698,18
32641,904,32
31835,970,39
29031,248,18
29032,248,19
31837,970,65
31890,957,32
31891,957,64
31892,957,18
31893,957,46
29033,248,55
32643,904,2
32644,904,3
34378,698,19
29867,395,32
29869,395,43
29870,395,44
29871,395,13
34490,1111,55
29872,395,46
34491,1111,65
34602,882,43
33730,216,3
33731,216,4
30881,590,18
30882,590,39
33733,216,46
3783,386,19
33151,636,9
33152,636,2
33153,636,55
33154,636,13
33155,636,65
34604,882,24
34708,770,27
34709,770,43
34710,770,35
33263,661,65
33264,661,58
33265,661,28
33735,216,55
33736,216,28
31073,638,2
33846,113,32
29873,395,50
31074,638,55
31075,638,65
29287,173,19
31148,653,64
34711,770,12
34712,770,55
34802,177,8
29288,173,20
29874,395,20
29289,173,13
29970,209,2
29364,394,18
29365,394,23
29367,394,55
29444,117,32
34804,177,27
14416,148,2
14417,148,3
31150,653,18
33848,113,3
33849,113,43
33850,113,64
29971,209,9
34176,1062,46
30055,1058,64
30056,1058,18
30057,1058,27
31151,653,37
31152,653,23
34805,177,64
34901,664,64
34904,664,23
34177,1062,65
34272,885,40
30058,1058,12
34905,664,12
34906,664,18
34907,664,55
34275,885,46
34360,60,24
34362,60,2
34364,60,65
34908,664,27
35017,1032,32
35019,1032,40
35020,1032,18
35021,1032,19
35022,1032,27
30210,1038,19
30212,1038,39
3918,82,3
31374,1024,56
31376,1024,18
31592,986,18
28876,225,32
28877,225,2
28878,225,3
28879,225,9
28880,225,43
28882,225,24
28942,213,32
28944,213,28
31594,986,23
31642,935,32
31643,935,27
31644,935,43
31645,935,64
31646,935,55
8828,63,10
32645,905,2
32646,905,28
32647,905,21
32756,929,24
30884,591,38
30885,591,23
30886,591,12
4207,480,18
30887,591,18
30888,591,55
31667,708,24
31669,708,2
4208,480,23
31670,708,28
4230,69,10
31671,708,65
31765,730,2
31766,730,9
31767,730,65
31768,730,55
34492,1130,64
34605,881,32
34606,881,2
32758,929,2
34607,881,40
32860,1078,46
32861,1078,55
32950,353,32
32951,353,65
31076,639,64
31077,639,2
31078,639,28
32952,353,12
33057,54,64
31080,639,55
29875,99,56
33058,54,8
29878,99,30
31154,654,2
4321,617,12
31155,654,65
31156,654,9
31157,654,21
31158,654,28
33060,54,43
33061,54,45
34608,881,10
34609,881,19
34610,881,24
34611,881,58
33062,54,13
33737,237,56
33739,237,18
31378,1023,32
33063,54,27
31380,1023,2
31381,1023,43
31382,1023,20
33266,752,32
33268,752,2
33269,752,65
33271,752,58
31438,1020,2
33956,853,28
31439,1020,4
31441,1020,39
33959,853,13
29290,428,64
29292,428,23
34068,97,38
34069,97,40
34070,97,18
34071,97,56
34178,1071,2
34179,1071,28
34180,1071,42
34182,1071,13
31540,686,12
29368,1107,28
29369,1107,21
29447,117,39
29448,117,10
29449,117,18
34278,864,18
34279,864,19
34365,596,64
34367,596,2
29517,1087,56
3980,767,32
34368,596,9
34369,596,55
31541,686,46
3982,767,2
31543,686,56
31544,686,27
31545,686,30
34370,596,59
31647,704,32
31648,704,65
31649,704,18
31650,704,19
31651,704,20
3983,767,3
31652,704,55
15791,39,46
29789,132,39
29790,132,40
29791,132,12
29792,132,46
29793,132,18
29794,132,19
29795,132,27
21256,400,2
21257,400,3
21258,400,4
21259,400,9
21260,400,55
34384,521,2
29879,152,56
34385,521,4
34386,521,65
9835,611,9
21261,400,59
29881,152,4
9836,611,2
31673,937,58
31674,937,4
31675,937,46
31676,937,39
29041,226,2
32648,906,18
32650,906,23
29043,226,4
29973,340,28
29044,226,55
29974,340,65
34387,521,9
34388,521,55
30060,1057,64
31894,957,23
34493,1138,65
34494,1138,18
31967,952,55
4396,429,10
34495,1138,23
33742,241,56
34612,878,32
34614,878,3
34616,878,40
4397,429,19
34617,878,10
33856,888,8
33857,888,27
29293,169,24
34618,878,19
32024,938,21
32025,938,46
29295,169,20
30061,1057,2
30062,1057,3
30063,1057,4
30064,1057,46
29451,288,2
33859,888,13
30140,1048,2
30141,1048,10
30142,1048,50
33064,61,64
33066,61,2
33068,61,38
5536,41,2
5555,274,32
30144,1048,55
33069,61,13
33070,61,18
33071,61,21
33072,61,28
30213,492,64
33168,814,32
33170,814,4
30215,492,2
30216,492,42
33171,814,38
33172,814,64
33173,814,43
33174,814,40
33175,814,18
33176,814,19
34183,1074,24
34185,1074,28
34186,1074,32
34281,860,35
34282,860,65
34283,860,12
30361,808,32
30363,808,65
30364,808,40
30365,808,18
30366,808,19
30367,808,55
34284,860,20
34285,860,27
34619,878,24
34806,22,24
34808,22,2
30442,399,28
30443,399,21
30444,399,65
34809,22,59
34810,22,58
34910,711,2
34911,711,4
34912,711,65
34913,711,9
34914,711,55
34915,711,59
35024,176,18
35025,176,19
35026,176,55
30513,32,2
30514,32,4
30515,32,9
30544,49,32
30545,49,2
30547,49,9
30548,49,10
30550,49,42
30559,51,9
30560,51,2
30771,569,40
30772,569,12
30773,569,46
30774,569,18
30775,569,56
31677,709,56
30776,569,27
31679,709,18
31681,709,30
31774,736,64
31776,736,10
31778,736,55
34389,52,32
32651,907,64
32652,907,18
32653,907,23
32766,931,2
32767,931,55
32768,931,4
31845,967,4
31846,967,21
31848,967,28
32769,931,65
31895,984,64
31896,984,43
5924,799,18
32956,231,42
31897,984,28
34391,52,2
32958,231,20
34392,52,37
32959,231,55
34393,52,38
34394,52,65
34395,52,59
34496,1145,56
34497,1145,64
34498,1145,18
5926,799,20
5927,799,21
34620,93,56
34622,93,10
34718,788,24
34719,788,32
34720,788,2
34721,788,43
31969,950,40
31970,950,13
31971,950,46
33179,1088,2
31973,950,55
34722,788,65
34812,178,39
34916,682,32
32027,750,2
34918,682,3
34919,682,4
32028,750,4
32029,750,13
34921,682,10
34923,682,18
34924,682,19
32030,750,20
34925,682,24
35027,776,24
32031,750,55
32032,750,28
35029,776,2
35030,776,59
35031,776,46
28762,718,20
28763,718,13
3472,275,10
29886,453,38
29887,453,40
29888,453,10
29889,453,19
29890,453,55
29975,1067,32
29977,1067,20
29978,1067,46
30146,1047,3
28883,141,40
28885,141,4
28886,141,45
28887,141,55
28945,213,37
28946,213,65
28994,474,2
30148,1047,59
30149,1047,23
30295,310,2
30296,310,4
30297,310,65
30298,310,9
30299,310,24
30369,471,46
30370,471,39
30409,151,21
30410,151,55
30445,786,32
30446,786,65
30447,786,55
30483,775,64
30485,775,10
3579,769,8
3581,769,4
3582,769,13
30487,775,42
3587,153,4
31683,710,2
31684,710,65
29051,499,2
29052,499,9
29053,499,13
29054,499,55
32770,932,40
30898,592,2
31685,710,9
30899,592,3
31686,710,55
31687,710,59
31779,737,58
31781,737,20
31782,737,13
3349,34,2
32772,932,4
30901,592,13
30902,592,55
30903,592,59
32773,932,65
32864,924,64
32865,924,18
32866,924,19
32868,924,23
32960,326,23
31898,983,32
31899,983,10
34397,519,18
34398,519,65
32962,326,18
32963,326,19
32964,326,55
33080,842,3
4238,235,20
4256,278,18
4257,278,23
33082,842,38
31082,640,28
4794,436,10
4795,436,20
3350,34,13
34501,120,2
34502,120,28
33636,806,23
33084,842,18
33085,842,20
33086,842,56
33087,842,58
33180,65,64
31901,983,18
33182,65,2
33637,806,65
33745,281,56
33184,65,43
33747,281,10
33185,65,59
28889,362,2
28891,362,46
33748,281,18
33861,971,2
33862,971,55
3414,760,10
3415,760,18
3416,760,20
3432,485,2
28892,362,55
28893,362,59
34077,50,64
34078,50,65
34079,50,2
28949,509,65
28950,509,55
34080,50,3
28951,509,18
28952,509,23
28996,474,10
28997,474,18
28998,474,42
29374,164,8
29376,164,40
29377,164,13
29378,164,55
29453,227,24
29455,227,2
29456,227,38
29676,217,20
29677,217,55
29736,510,23
29796,307,32
29797,307,18
29798,307,19
29799,307,23
34399,511,32
34400,511,56
34402,511,30
34403,511,65
34503,120,55
34625,862,55
34626,862,65
34723,817,24
32774,1125,32
32869,563,56
34724,817,40
34725,817,3
34726,817,39
34727,817,65
34813,341,32
34815,341,38
34816,341,40
34817,341,10
34818,341,46
34926,701,24
34928,701,4
34929,701,65
3829,479,9
33864,981,2
33865,981,9
29055,421,56
33866,981,42
33186,729,9
33187,729,2
33188,729,59
33189,729,65
33867,981,18
29058,421,30
33868,981,55
33869,981,28
33968,785,18
33969,785,19
33970,785,20
33971,785,38
28826,733,32
29979,47,8
34081,50,4
34082,50,9
29981,47,27
29982,47,13
29222,1123,32
34083,50,43
29983,47,55
34084,50,50
28827,733,2
28828,733,4
28830,733,13
34187,1076,32
34189,1076,4
34190,1076,46
28831,733,55
34191,1076,40
30224,210,65
30225,210,42
30226,210,50
29224,1123,18
34286,858,32
34288,858,18
34289,858,19
34290,858,39
30228,210,55
30371,805,18
28832,733,28
29458,167,55
31317,1036,2
31318,1036,4
31320,1036,13
31321,1036,55
28894,228,64
28896,228,2
28897,228,3
28898,228,9
29459,167,28
29460,167,65
29533,1086,32
29535,1086,35
30372,805,19
31384,1021,2
31386,1021,13
31387,1021,55
28953,245,24
29678,349,24
28955,245,2
28956,245,3
28957,245,65
29680,349,2
29737,251,24
29739,251,10
31492,997,24
31494,997,18
31598,933,27
31599,933,12
31600,933,39
30790,572,4
34405,498,2
34406,498,9
34407,498,55
34505,135,2
34506,135,42
34507,135,9
32776,936,64
29059,205,24
29061,205,2
29062,205,59
29063,205,9
34627,833,64
32778,936,42
32779,936,43
32780,936,18
32781,936,19
34629,833,21
34630,833,65
3444,723,32
33757,295,46
32783,936,28
34728,856,64
34730,856,2
34731,856,18
34820,240,2
34821,240,59
32969,840,23
28770,224,32
28771,224,9
34822,240,9
3446,723,4
29984,1066,32
32970,840,65
29986,1066,46
30792,572,55
34823,240,55
28772,224,2
3448,723,10
28774,224,20
28833,129,32
31003,620,64
28834,129,10
28835,129,43
31005,620,2
28837,129,19
28838,129,20
28901,382,58
33191,293,28
28903,382,46
33192,293,65
30075,465,2
30076,465,4
30077,465,13
31007,620,44
31008,620,18
31087,642,32
31089,642,2
35038,954,10
35039,954,3
35040,954,39
31090,642,59
30231,325,18
30232,325,55
30233,325,56
30234,325,30
5537,810,2
5538,810,3
5557,274,3
5577,104,2
29461,144,56
29463,144,18
29464,144,27
29614,89,2
29615,89,3
29617,89,38
29618,89,45
30305,272,56
30307,272,10
30308,272,18
30373,805,38
30412,273,35
31091,642,46
31241,673,23
31242,673,55
31388,1017,24
31390,1017,2
31447,1018,32
31449,1018,4
31450,1018,46
31495,996,64
31497,996,19
31498,996,43
31551,688,35
31552,688,8
31553,688,13
3285,379,2
30795,575,28
30796,575,45
30797,575,55
30911,597,40
31695,713,32
34409,491,2
30913,597,18
32677,911,2
34410,491,55
31697,713,2
31698,713,65
29065,195,20
29066,195,13
31699,713,55
29067,195,55
32678,911,9
30914,597,19
32679,911,65
32680,911,55
32785,910,2
32786,910,4
32788,910,24
32789,910,28
32875,1140,56
32876,1140,18
29228,1121,32
14781,472,18
34411,491,65
34508,150,4
29229,1121,3
21403,754,2
34509,150,2
3941,138,2
14782,472,20
14783,472,42
21404,754,19
21405,754,18
3986,767,10
34511,150,28
29230,1121,4
29231,1121,10
29232,1121,43
33103,571,32
33105,571,2
33106,571,38
29233,1121,18
33107,571,65
13602,1075,32
33108,571,40
33109,571,55
34512,150,55
29310,239,64
34632,829,28
34634,829,65
34733,145,37
29906,136,2
29908,136,42
29910,136,28
29312,239,19
29313,239,20
29314,239,43
29385,247,32
29388,247,10
30079,192,32
30081,192,43
31092,644,32
29389,247,43
29390,247,27
3503,798,24
3504,798,13
29467,202,3
31094,644,39
31096,644,65
34734,145,43
34735,145,46
34737,145,28
31243,677,56
29468,202,4
3989,767,18
3990,767,19
29470,202,55
29471,202,59
3537,747,32
3542,747,18
3543,747,24
3544,747,30
3549,285,28
34825,246,2
34826,246,59
34827,246,55
3991,767,24
3992,767,30
34939,236,19
29619,89,46
29682,403,64
29684,403,3
31245,677,20
34940,236,38
34941,236,65
31392,1016,40
29686,403,65
29688,403,13
29689,403,43
29690,403,20
29691,403,55
31394,1016,50
31395,1016,19
3606,308,4
4036,142,10
3615,184,9
31499,995,64
31501,995,9
4131,796,32
4133,796,3
4134,796,12
4136,796,18
4137,796,19
3626,707,32
3628,707,4
3630,707,13
3632,707,24
3634,707,28
34413,487,28
33759,295,20
31700,713,28
33760,295,56
3645,243,28
29911,254,56
33761,295,58
29913,254,10
33870,1027,65
29994,1065,64
33871,1027,10
29995,1065,9
33872,1027,23
31017,621,65
9842,706,32
29996,1065,2
31018,621,2
31019,621,4
33873,1027,18
29997,1065,43
33874,1027,19
33875,1027,55
34414,487,65
34513,417,64
31021,621,55
31022,621,28
3872,56,19
30158,1045,28
34515,417,10
34516,417,43
31098,645,39
31099,645,40
3929,304,18
9845,706,3
34517,417,18
34518,417,19
4348,158,18
4349,158,3
34635,815,64
29069,392,35
33111,539,18
33112,539,19
29071,392,8
29072,392,18
29073,392,56
33113,539,58
33114,539,38
33201,766,38
31100,645,46
31102,645,19
30235,67,24
29074,392,27
34638,815,55
30237,67,2
30238,67,3
30239,67,18
34739,879,27
33202,766,40
31248,678,55
31249,678,65
33203,766,50
33204,766,18
34740,879,45
9848,706,10
9850,706,18
34741,879,46
31398,1029,23
31399,1029,65
5402,280,2
5403,280,21
31400,1029,55
34085,680,32
31454,1011,46
23216,969,32
23218,969,20
23219,969,28
31502,994,64
34087,680,65
30413,273,37
30414,273,8
30415,273,46
30417,273,27
29316,350,19
4138,796,27
29317,350,55
14287,78,10
31503,994,18
4157,759,32
4160,759,4
4163,759,24
31504,994,19
31505,994,50
31506,994,23
14288,78,19
31554,688,40
30488,238,24
31555,688,55
31556,688,27
31601,699,64
30490,238,2
30491,238,37
30492,238,65
31604,699,46
31606,699,18
31607,699,37
29622,1073,46
29693,257,18
29694,257,55
29695,257,42
29746,345,2
29747,345,59
29748,345,9
29749,345,55
13401,1059,10
13402,1059,18
32683,913,2
32684,913,42
14026,267,32
14027,267,10
14029,267,18
31702,715,65
31704,715,13
31705,715,55
31706,715,24
31707,715,28
32686,913,55
31103,647,12
31104,647,55
31183,662,28
32797,1141,38
32799,1141,46
31185,662,55
29076,204,3
29077,204,39
29078,204,65
29167,1137,3
29168,1137,4
29915,537,56
30001,505,18
30003,505,55
32881,705,56
30083,1055,9
32883,705,18
30084,1055,2
30085,1055,4
30087,1055,28
32885,705,30
34521,469,18
32985,696,40
32986,696,18
32987,696,56
32988,696,30
34523,469,65
33763,503,2
33764,503,45
33765,503,55
33205,766,56
14232,401,32
33206,766,27
34640,809,2
34641,809,65
34643,809,13
34644,809,55
34645,809,28
34744,921,4
34746,921,10
34088,680,39
14233,401,20
34089,680,19
34090,680,20
14234,401,13
34091,680,58
34192,1085,65
34193,1085,18
34747,921,46
34293,85,10
34294,85,18
34295,85,50
34296,85,56
30240,323,40
34748,921,56
34749,921,37
34831,249,10
34832,249,18
30242,323,18
34833,249,56
34942,431,56
31401,1014,24
31403,1014,50
34944,431,39
34946,431,65
31404,1014,28
30244,323,30
4987,269,3
4988,269,4
30315,84,32
30317,84,23
30318,84,64
30319,84,65
31456,1010,32
31458,1010,43
31459,1010,28
31507,993,32
31509,993,65
28840,100,2
28842,100,55
28904,218,32
31608,700,64
28906,218,2
28907,218,65
28908,218,20
28909,218,28
28963,208,2
28964,208,4
28965,208,9
28966,208,55
31610,700,2
31612,700,13
31613,700,28
30808,580,24
30810,580,2
30812,580,65
23722,1091,28
32687,914,9
30924,598,64
30926,598,2
34421,344,2
32688,914,2
34422,344,65
34423,344,9
32689,914,55
29079,475,64
32801,1134,56
30927,598,3
30928,598,4
30930,598,55
30931,598,59
29081,475,2
32803,1134,23
29082,475,20
34425,344,50
34426,344,20
34524,155,24
32989,756,32
32991,756,2
32992,756,65
32993,756,40
32994,756,43
29170,1137,40
29171,1137,10
29172,1137,56
31709,716,35
31711,716,65
31712,716,12
31713,716,18
31025,625,2
31026,625,4
31027,625,9
31028,625,55
31714,716,56
31715,716,58
31716,716,27
29318,1115,32
29319,1115,20
29320,1115,28
30006,1064,2
30007,1064,18
33208,397,50
29396,476,40
33209,397,21
29397,476,43
29398,476,18
5546,523,10
5547,523,3
29399,476,56
33211,397,65
34526,155,2
34646,774,56
31853,966,23
31854,966,65
31902,983,19
31903,983,24
29624,1072,56
29626,1072,10
34648,774,18
34751,922,2
34752,922,65
31974,949,24
34834,264,64
34835,264,65
31976,949,2
33882,1120,24
34836,264,20
34837,264,45
34948,44,2
30166,1044,28
34949,44,4
33884,1120,2
33983,804,38
28779,147,9
30168,1044,46
33984,804,39
28780,147,2
28781,147,59
30245,298,2
28782,147,55
28843,179,24
28845,179,2
28846,179,28
33985,804,40
33986,804,10
33987,804,18
28847,179,9
30247,298,55
33988,804,19
33989,804,65
34092,826,64
34950,44,65
34094,826,43
34095,826,23
34297,758,64
34299,758,2
32070,762,2
32071,762,65
34300,758,38
34301,758,65
34302,758,9
34303,758,13
32073,762,20
34304,758,59
34951,44,24
34952,44,59
5693,828,10
5694,828,20
5695,828,23
5696,828,30
30382,322,56
29925,396,23
29926,396,55
30009,143,56
30011,143,4
30813,581,64
30815,581,2
30816,581,4
31717,717,24
30817,581,9
30818,581,43
31720,717,65
32690,915,32
30819,581,13
30820,581,28
32692,915,2
32693,915,46
31721,717,40
31792,739,24
31794,739,40
31795,739,65
31856,965,58
30094,170,2
30095,170,9
31858,965,46
31859,965,55
34428,1099,45
34429,1099,46
34528,112,2
33664,181,56
33665,181,18
33666,181,23
30096,170,21
33668,181,39
34529,112,4
34650,757,64
34652,757,42
34653,757,43
30097,170,55
30170,137,24
33886,844,18
28783,215,10
28784,215,18
28785,215,38
28786,215,55
29085,174,2
30172,137,65
33887,844,21
33889,844,55
31945,955,64
33990,802,24
34754,926,28
34838,270,64
29086,174,55
29087,174,4
28848,220,32
31947,955,3
31949,955,13
28849,220,9
28850,220,2
29088,174,65
29173,1136,23
29174,1136,18
33992,802,28
34841,270,65
29175,1136,19
34842,270,55
29176,1136,55
31950,955,46
34843,270,23
34954,45,2
31951,955,19
29241,318,2
31978,948,18
31979,948,19
31980,948,55
33213,687,2
33215,687,55
33993,802,32
33994,802,65
32074,762,55
29243,318,55
32092,768,40
34197,198,64
34200,198,20
34305,753,40
32093,768,10
32094,768,18
34306,753,56
32095,768,19
32096,768,56
29400,287,64
32103,771,55
32104,771,28
32105,771,65
34956,45,65
34957,45,46
34959,45,24
29403,287,43
29404,287,18
29405,287,55
29406,287,23
29555,1084,18
29556,1084,19
29557,1084,21
29558,1084,55
29627,1072,18
29750,439,32
29752,439,20
29753,439,13
29754,439,64
34431,1101,18
34432,1101,19
29177,1135,32
34434,1101,55
29178,1135,40
34531,133,32
32805,1139,24
32806,1139,20
32807,1139,2
32808,1139,28
31722,720,32
31724,720,2
31725,720,65
30013,154,64
31726,720,10
31727,720,55
30015,154,2
33890,845,24
31796,741,56
33892,845,43
33135,1012,64
30016,154,9
31798,741,18
31800,741,46
30017,154,43
33137,1012,38
33138,1012,40
30018,154,13
30019,154,55
33139,1012,43
33140,1012,18
33141,1012,19
33894,845,32
34532,133,64
33217,577,2
33218,577,4
33219,577,9
34533,133,2
33220,577,13
34201,790,65
29179,1135,19
29180,1135,55
29245,514,55
34202,790,18
30173,1043,2
34203,790,23
34308,726,32
30175,1043,13
30176,1043,20
33221,577,55
34310,726,65
34311,726,9
34312,726,42
34313,726,20
34314,726,28
34534,133,65
34535,133,13
31911,982,28
34536,133,20
31912,982,55
30177,1043,55
30178,1043,59
34655,738,3
31257,681,32
31259,681,2
31260,681,3
31261,681,43
31262,681,46
29246,514,65
34657,738,65
34658,738,43
34660,738,18
34661,738,56
34755,942,23
34756,942,18
34757,942,19
34758,942,55
28851,220,28
34844,271,64
29407,1104,24
29408,1104,3
34847,271,46
34848,271,18
34849,271,56
34960,559,64
31264,681,59
34962,559,42
34963,559,44
34964,559,18
34965,559,20
34966,559,28
31406,1013,32
29409,1104,19
29488,1096,56
29489,1096,18
35063,501,39
35064,501,10
35065,501,46
29491,1096,30
29560,1083,2
35066,501,58
28968,361,3
28970,361,13
28971,361,18
28972,361,20
29562,1083,55
29700,296,4
29701,296,45
29703,296,55
29704,296,28
31728,721,64
31729,721,65
34435,1106,64
31731,721,10
31732,721,55
31733,721,27
34436,1106,23
34537,146,9
34538,146,2
29931,106,42
29932,106,20
29933,106,13
31802,742,55
30021,1063,18
30022,1063,19
31803,742,28
31804,742,65
31866,964,18
34539,146,65
34662,734,8
34663,734,65
31868,964,46
31869,964,55
34664,734,2
33673,960,32
33675,960,64
30023,1063,50
33676,960,43
33677,960,18
33678,960,23
34759,944,64
34761,944,37
30936,599,65
30937,599,8
30938,599,13
30024,1063,46
34764,944,50
30105,336,39
34765,944,20
34850,284,64
30179,504,32
34109,43,56
30181,504,4
30182,504,46
34204,792,8
34206,792,27
34207,792,13
30184,504,58
34208,792,55
34315,71,32
34318,71,20
34852,284,2
34853,284,9
34854,284,42
30383,322,10
31913,980,64
31914,980,65
30939,599,55
30940,599,27
31915,980,19
31916,980,23
31917,980,55
34968,561,2
34969,561,38
30422,223,32
31031,628,24
31033,628,4
34970,561,55
33006,919,32
34971,561,58
34972,561,28
30423,223,64
30424,223,2
30425,223,65
33009,919,40
33010,919,18
33011,919,56
33142,297,24
30426,223,9
30427,223,50
30428,223,28
32013,940,18
30457,83,2
30458,83,18
29492,1095,56
29493,1095,10
29494,1095,19
29495,1095,18
29564,1082,2
29565,1082,4
29566,1082,55
29635,312,2
29636,312,9
29705,233,8
29706,233,64
29707,233,42
29708,233,55
32015,940,30
35069,442,38
35070,442,46
30498,27,2
35071,442,18
35072,442,19
35073,442,58
32075,763,56
32076,763,18
29825,447,18
29826,447,19
30499,27,65
30500,27,9
30501,27,42
28852,244,56
28853,244,18
28854,244,19
28856,244,23
28914,57,24
28916,57,2
30830,583,32
30832,583,19
30833,583,43
30834,583,55
34438,1109,18
34439,1109,19
34440,1109,23
10319,976,9
32710,918,2
32711,918,3
32817,455,13
32818,455,46
34541,947,64
31035,629,40
34542,947,18
31807,745,18
31808,745,19
31036,629,12
31809,745,24
31810,745,28
32820,455,58
34544,947,46
31871,963,2
31872,963,43
31037,629,56
29184,1133,9
29185,1133,2
31038,629,27
34666,1143,56
34667,1143,3
33012,1035,40
33014,1035,19
34766,968,24
34768,968,28
31115,648,10
31116,648,27
31117,648,18
29186,1133,42
34856,283,32
34857,283,64
34858,283,18
34859,283,19
29187,1133,13
34860,283,23
34973,567,64
34975,567,42
34976,567,23
31918,979,24
31920,979,2
31956,953,32
29337,1112,56
31958,953,3
31959,953,46
29415,1103,2
29416,1103,43
31408,1013,19
33899,847,64
33901,847,28
33902,847,65
31985,946,18
31460,1006,18
31461,1006,23
31462,1006,39
31510,992,2
31512,992,46
33999,782,18
34001,782,23
31563,690,2
31564,690,59
31565,690,55
31615,934,3
31616,934,4
31617,934,38
31986,946,23
31987,946,55
31618,934,40
31619,934,46
29710,477,56
29711,477,10
29712,477,18
34209,801,64
34211,801,18
34212,801,19
34213,801,23
23537,1034,18
23538,1034,3
23539,1034,12
29759,495,32
29761,495,2
29762,495,65
29763,495,19
29764,495,55
29765,495,28
29827,496,56
29829,496,19
29830,496,30
31621,934,58
30835,584,32
30837,584,2
30838,584,23
30839,584,65
31735,725,32
31736,725,65
34442,111,2
31737,725,2
34444,111,65
33682,917,39
32822,489,2
32823,489,65
32824,489,9
32825,489,10
32826,489,50
33683,917,12
32910,109,64
32912,109,43
33015,1094,40
33017,1094,18
33019,1094,56
33684,917,13
33685,917,46
33687,917,23
33230,1022,23
33231,1022,18
33232,1022,55
33233,1022,56
34545,943,24
34547,943,65
34670,635,32
34672,635,18
30026,66,4
29188,1132,32
34673,635,19
29189,1132,40
29190,1132,19
30946,602,2
30947,602,9
30948,602,18
30949,602,19
30950,602,55
30951,602,28
34769,1007,64
34770,1007,18
34771,1007,19
34773,1007,55
34861,630,23
30028,66,65
30029,66,55
33904,848,19
33905,848,55
33906,848,65
34003,420,65
29256,1119,18
34004,420,39
34005,420,46
34007,420,27
29257,1119,43
29258,1119,20
30030,66,24
30031,66,28
34119,163,64
29418,1102,38
29419,1102,45
29420,1102,46
34121,163,2
30106,1054,32
30107,1054,64
30108,1054,18
34124,163,10
34863,630,18
34864,630,19
34214,795,19
34216,795,18
34217,795,27
31275,683,2
31276,683,65
31277,683,9
34218,795,12
34325,689,2
34326,689,59
34327,689,65
34865,630,55
31278,683,55
31279,683,59
31342,1030,64
34977,570,64
29641,454,2
29642,454,18
29643,454,28
29644,454,42
30109,1054,19
30110,1054,23
34979,570,42
34980,570,43
34981,570,44
34982,570,20
35078,939,64
35080,939,18
29767,172,2
31344,1030,46
31345,1030,18
31346,1030,20
29768,172,65
31347,1030,56
28797,364,8
28798,364,13
28799,364,40
28800,364,55
29769,172,9
29770,172,55
29771,172,28
31465,1003,30
31514,991,24
31515,991,2
31566,691,32
28801,364,27
28857,95,64
28858,95,2
28859,95,3
28860,95,55
28920,219,2
28921,219,3
28922,219,4
28923,219,9
28924,219,55
28925,219,59
28979,256,4
28980,256,9
28981,256,55
29018,276,32
29021,276,40
29022,276,46
29023,276,56
29941,463,23
29942,463,13
29943,463,18
31739,725,43
31740,725,59
30952,603,56
29944,463,19
29945,463,55
34445,1004,40
30953,603,10
30954,603,4
30955,603,18
31813,746,65
32717,920,24
31815,746,18
31816,746,50
32720,920,4
31817,746,19
31818,746,20
32827,928,64
31045,631,64
32828,928,2
32829,928,42
32830,928,13
31047,631,8
31048,631,43
31875,961,42
31876,961,65
31921,978,65
34447,1004,19
34448,1004,55
34548,941,32
31922,978,2
32914,615,64
31989,945,2
32916,615,65
32917,615,10
32918,615,43
31049,631,13
31050,631,23
33020,896,32
33021,896,64
33022,896,18
33023,896,23
33234,30,56
34550,941,55
34551,941,65
33688,751,2
34675,764,39
34676,764,65
31990,945,9
33689,751,46
33798,819,4
33799,819,65
33800,819,13
33801,819,55
33802,819,28
33907,849,32
16363,53,32
16365,53,43
16367,53,56
31991,945,13
29110,234,2
29111,234,59
29112,234,55
29191,1131,32
29192,1131,10
29193,1131,18
29194,1131,38
29195,1131,55
30333,818,65
30334,818,18
29261,1118,18
33909,849,2
33910,849,13
33911,849,50
31204,667,38
31205,667,46
31206,667,65
31349,1028,2
33912,849,28
31351,1028,55
31992,945,55
31415,987,65
31416,987,18
34126,201,3
34127,201,4
29505,1093,43
34129,201,9
34131,201,56
34219,821,32
34222,821,10
34223,821,18
34224,821,20
34225,821,30
34328,665,64
34330,665,46
34331,665,18
34332,665,19
31569,691,10
31570,691,46
29574,1079,64
29575,1079,42
29577,1079,20
29578,1079,55
31572,691,56
34333,665,55
29773,108,2
29774,108,3
29776,108,65
29837,70,4
29839,70,65
29840,70,55
29841,70,28
30845,585,32
30847,585,2
34449,1122,64
34451,1122,18
30848,585,65
30849,585,18
30850,585,19
34452,1122,43
34453,1122,28
34552,91,64
30851,585,21
30852,585,24
30853,585,28
34554,91,2
34555,91,65
30957,605,56
34556,91,42
34557,91,43
34558,91,59
30035,714,32
34678,783,38
30959,605,18
34679,783,46
29262,1116,32
29264,1116,2
31819,985,64
31820,985,18
29265,1116,42
29266,1116,64
30961,605,23
31052,632,23
31054,632,65
29345,1110,56
31055,632,55
29346,1110,10
32920,649,64
32922,649,2
32923,649,3
31131,650,39
31132,650,28
31133,650,65
31821,985,19
33804,820,2
31822,985,23
33805,820,9
33806,820,21
31878,959,4
33807,820,55
33913,850,23
33238,626,23
31207,668,2
31209,668,13
33915,850,19
33916,850,65
31210,668,55
29426,1100,10
29427,1100,3
29428,1100,4
34132,101,64
28802,96,24
28804,96,2
28805,96,59
34134,101,2
35081,990,64
35083,990,2
35084,990,43
35085,990,21
34135,101,13
34226,846,64
34228,846,18
34229,846,19
34334,660,65
34335,660,2
34336,660,28
34337,660,58
34338,660,46
28862,316,50
28863,316,28
31419,1009,28
28864,316,9
28865,316,55
31521,989,65
31522,989,2
31524,989,46
31573,692,32
31575,692,18
28926,311,64
28928,311,2
29720,348,64
28929,311,4
28931,311,28
31576,692,19
31577,692,40
29722,348,2
31750,728,2
31751,728,3
30854,587,24
30856,587,2
31752,728,65
31753,728,43
31755,728,24
31824,956,39
31825,956,40
31826,956,10
31827,956,46
32835,366,28
32836,366,55
31881,959,10
31882,959,56
31883,959,30
32924,659,64
33582,851,65
33583,851,42
33584,851,13
32925,659,2
32926,659,43
31925,975,2
31926,975,28
29951,1070,39
29952,1070,43
29953,1070,13
34455,1124,2
29954,1070,18
29955,1070,20
29956,1070,28
33585,851,19
33586,851,21
31963,951,23
34457,1124,13
31964,951,12
30857,587,65
30963,606,28
31965,951,55
33587,851,23
29197,1129,56
29198,1129,10
28806,87,56
28807,87,18
28866,250,24
29268,393,18
29269,393,23
31993,945,59
34458,1124,55
30038,714,23
30039,714,56
28868,250,2
28869,250,9
28870,250,32
29270,393,55
29349,171,19
29350,171,13
29351,171,43
34559,909,65
28932,365,64
28933,365,2
28934,365,3
34560,909,2
34561,909,9
34562,909,42
28935,365,4
34563,909,13
34564,909,55
28936,365,9
34565,909,59
34566,909,28
28937,365,18
34682,110,4
34683,110,37
34778,1042,2
32078,763,30
34779,1042,13
29724,348,55
29777,253,32
29779,253,20
34874,317,64
30040,714,30
30116,1053,64
32079,763,23
34876,317,35
34877,317,43
33808,823,40
30117,1053,18
30118,1053,19
30194,98,64
30196,98,2
30197,98,9
30263,467,2
33810,823,2
30264,467,65
30265,467,9
30266,467,13
30267,467,28
30335,818,19
34878,317,44
34879,317,18
30337,818,23
33812,823,65
33918,883,2
33919,883,59
30429,258,65
30430,258,2
30431,258,4
30432,258,9
30433,258,55
30434,258,59
33921,883,9
34019,973,3
34020,973,4
34022,973,10
30502,27,28
34023,973,43
34024,973,18
34025,973,56
34139,1002,40
34140,1002,46
34141,1002,18
34142,1002,56
34230,854,32
34232,854,64
34233,854,10
34234,854,40
34235,854,19
34339,641,65
30858,588,56
30860,588,18
34460,1127,28
34461,1127,65
30861,588,27
30964,606,55
32733,923,55
32734,923,4
32735,923,46
32736,923,65
34567,908,2
31829,962,24
31831,962,42
31832,962,20
31833,962,64
31884,958,32
31885,958,64
31886,958,10
34569,908,13
32928,761,64
32930,761,35
30041,1061,32
30042,1061,56
31887,958,43
31888,958,19
30043,1061,18
32931,761,8
32932,761,43
25351,114,10
25352,114,18
25353,114,32
31928,974,65
31929,974,42
31930,974,28
31931,974,55
32933,761,13
32934,761,55
32935,761,27
33036,75,18
33037,75,19
33038,75,55
34570,908,19
33703,125,18
33704,125,19
33705,125,55
33813,835,27
33814,835,35
33815,835,12
33924,852,13
33925,852,18
33926,852,20
33927,852,56
34027,672,35
34028,672,8
34030,672,13
34031,672,46
30045,1061,23
34033,672,27
34144,1033,39
31213,669,45
31214,669,55
30120,1052,4
30121,1052,28
30199,115,55
34145,1033,40
34146,1033,10
34147,1033,46
30200,115,28
30202,115,65
34237,861,28
34238,861,65
34340,641,10
34341,641,50
29124,291,10
29127,291,55
31359,1026,2
31361,1026,65
31362,1026,24
31363,1026,28
29201,1128,64
29202,1128,18
29204,1128,23
29272,360,2
29273,360,3
29274,360,55
29353,168,2
29354,168,59
29355,168,55
29432,1097,24
29433,1097,23
29591,92,2
29592,92,4
29594,92,55
29595,92,28
29663,199,64
29665,199,2
29666,199,4
29667,199,9
31480,1001,23
29727,157,2
29728,157,3
31526,988,2
31527,988,55
31528,988,50
31529,988,65
31578,693,64
31580,693,2
31581,693,3
31583,693,13
31584,693,46
31585,693,58
31586,693,59
31630,702,32
31632,702,65
31633,702,40
31634,702,19
31635,702,55
30864,589,55
34463,122,10
34464,122,27
34465,122,46
30865,589,21
30866,589,65
30965,607,32
23696,1114,19
23698,1114,55
32936,1080,64
32937,1080,18
34466,122,39
33707,140,18
33709,140,23
30967,607,20
30968,607,38
33816,841,32
33248,389,2
33249,389,55
29962,1069,64
33250,389,4
33818,841,40
33819,841,10
29276,334,2
33820,841,43
33821,841,50
31141,651,20
31142,651,55
31216,670,28
33822,841,55
29278,334,4
29279,334,55
31218,670,21
33251,389,65
34571,908,20
34572,908,55
34573,908,28
33929,857,2
33930,857,65
34782,1060,20
34784,1060,55
34881,317,55
34882,317,27
28939,473,10
28940,473,18
28990,331,28
28991,331,21
28992,331,55
33932,857,55
29668,79,32
29670,79,4
35086,222,24
29671,79,55
29729,157,55
33933,857,59
35087,222,2
34034,425,64
35088,222,21
34036,425,3
34037,425,18
34038,425,19
34039,425,27
34151,1037,20
34152,1037,55
34153,1037,56
34154,1037,28
34239,863,32
34241,863,4
34243,863,65
34244,863,46
29964,1069,2
29965,1069,28
29966,1069,13
30123,1051,3
30125,1051,42
30126,1051,43
30127,1051,44
30128,1051,20
30129,1051,21
30342,194,2
31481,1000,24
31483,1000,46
30343,194,65
30344,194,21
30345,194,59
34343,657,56
29846,289,56
29848,289,27
29850,289,30
30346,194,28
30394,221,56
30395,221,27
30396,221,12
30467,515,64
30468,515,2
30469,515,3
30471,515,9
30472,515,18
30523,42,56
30561,51,13
30562,51,65
34467,930,10
34468,930,3
34470,930,30
30580,58,65
30581,58,40
30582,58,10
30583,58,56
30584,59,65
30585,59,2
30586,59,4
33711,149,2
33713,149,45
33714,149,55
33715,149,28
33823,843,65
33824,843,2
33825,843,4
30602,77,38
30603,77,40
30604,77,10
30605,77,46
30606,77,18
30607,77,55
30608,77,58
30609,118,64
30611,118,18
30612,118,19
32742,925,18
32743,925,19
32744,925,55
34689,103,24
34691,103,2
34692,103,59
34693,103,38
30971,608,39
30972,608,40
30973,608,18
30974,608,56
31066,637,2
30631,211,56
30634,211,65
30635,134,32
30637,134,65
30638,134,40
30639,134,46
30641,134,58
30642,230,24
30644,230,2
30645,230,9
30646,230,65
30647,232,2
30648,232,28
30649,232,13
30650,242,65
30651,242,9
30652,242,42
30653,242,18
30654,242,19
30655,242,55
30656,260,19
30658,260,55
30659,260,23
30660,261,56
34785,1081,32
34787,1081,23
34788,1081,55
34884,319,18
30674,500,2
30675,500,10
30676,500,4
30677,500,18
30678,500,55
30680,502,37
30681,502,65
30682,502,18
30683,502,55
30684,502,28
30689,520,2
30690,520,38
30691,520,65
30692,520,9
30693,520,42
30694,520,18
30695,520,55
30696,520,28
30703,525,8
30705,525,27
30706,525,12
30707,525,13
30709,526,2
30710,526,4
30711,526,65
30712,526,9
30713,526,46
30714,526,59
30717,529,65
30718,529,10
30719,529,43
30720,529,50
30721,529,56
31067,637,65
31068,637,40
31069,637,18
33826,843,9
33827,843,13
33828,843,55
34885,319,42
34886,319,65
30733,540,23
30735,540,27
30736,540,55
30737,540,65
30746,533,38
30747,533,10
30748,533,19
30749,533,56
34042,1077,40
34043,1077,46
34044,1077,18
34045,1077,56
34155,1040,56
34246,972,18
34247,972,19
34346,666,18
34471,912,28
34473,912,55
34580,901,64
33716,156,24
33718,156,2
33719,156,28
32124,777,56
32126,777,20
32128,777,65
32130,778,2
32131,778,4
32132,778,9
32133,778,24
32134,778,28
32136,779,2
32137,779,28
32139,779,55
32141,780,23
33830,866,3
33832,866,40
32146,784,64
32148,784,35
32149,784,40
32150,784,13
32151,784,55
32152,784,58
32153,784,27
34582,901,2
34583,901,3
34584,901,9
34585,901,43
34586,901,44
32161,787,35
32162,787,8
32163,787,13
32164,787,55
32165,787,27
32172,791,2
32173,791,18
32174,791,65
33833,866,10
33834,866,18
33835,866,56
33941,859,39
32183,793,55
32184,793,65
32186,794,39
32188,794,65
34789,1089,32
34791,1089,43
32198,797,2
32200,797,65
32201,797,55
32203,800,2
32204,800,4
32205,800,65
32206,800,9
32207,800,13
32208,800,55
32209,800,28
34792,1089,46
34888,327,42
34889,327,18
34890,327,19
34891,327,20
34892,327,56
34999,28,32
35001,28,2
35002,28,43
35003,28,46
32226,807,65
32227,807,42
32228,807,13
32229,807,20
32230,807,28
32241,811,65
32242,811,55
32243,811,18
32244,811,23
33942,859,40
33943,859,10
33944,859,46
34158,1041,23
34159,1041,18
34160,1041,19
32262,816,40
32264,816,3
32265,816,4
32266,816,65
34161,1041,4
34162,1041,55
32278,822,18
32279,822,20
32280,822,56
32281,822,27
32286,824,64
32287,824,2
32288,824,9
32289,824,43
32290,824,55
32291,824,59
32293,825,2
32294,825,59
32295,825,55
34348,813,28
34474,94,32
34477,94,40
32300,827,23
32306,830,18
32308,830,23
32310,831,4
32313,831,18
32314,831,56
32315,831,30
32318,832,10
32320,832,18
32321,832,56
32322,832,30
32326,834,24
32327,834,20
32328,836,32
32330,836,10
32331,836,28
32332,836,64
32334,839,42
32335,839,20
32336,839,13
34478,94,10
34479,94,43
34480,94,18
34589,90,55
34590,90,13
33721,165,2
33722,165,9
33723,165,55
34591,90,18
34592,90,23
34594,90,58
34700,685,23
34701,685,55
34795,1090,65
34894,655,18
34895,655,28
34897,655,21
35005,306,32
35008,306,40
35009,306,10
35010,306,18
35011,306,56
35012,306,58
35105,300,65
35106,300,4
35107,300,39
35108,300,40
35109,300,46
35110,300,18
35111,300,19
35112,300,58
34051,388,56
34053,388,18
34054,388,19
34163,1049,64
34164,1049,2
34165,1049,3
34166,1049,4
34168,1049,13
32417,855,32
32419,855,4
32420,855,46
32422,855,28
34169,1049,28
34351,614,2
34352,614,3
32468,865,18
32470,865,56
32480,869,40
32481,869,10
32482,869,13
32483,869,18
32484,869,19
32485,869,55
32486,870,35
32488,870,39
32489,870,12
32490,870,46
32492,870,18
32493,870,27
32494,871,32
32495,871,20
32496,871,37
32497,872,42
32498,872,28
32500,873,32
32502,873,43
32504,874,27
32505,874,12
32506,874,55
32508,875,13
32509,875,46
32511,875,18
32512,875,20
32514,876,10
32515,876,55
32517,876,65
32518,877,56
32519,877,65
32520,877,20
32522,877,38
32535,880,32
32536,880,65
32538,880,10
32539,880,18
32540,880,30
34595,890,24
32558,884,2
32560,884,9
32561,884,50
32562,884,20
32563,884,55
34596,890,65
34597,890,2
34598,890,4
34703,772,2
32576,887,46
33724,190,23
33726,190,3
33727,190,55
32582,889,8
32583,889,27
32584,889,13
32590,891,3
32591,891,13
32592,891,23
32593,892,56
32595,892,10
32596,892,50
32598,893,18
32599,893,12
32601,893,38
32602,893,13
32603,894,24
32605,894,28
34705,772,46
32610,897,19
32611,897,2
32612,897,59
32613,898,65
32614,898,2
32615,898,3
32616,898,4
32617,898,9
32618,898,55
32619,898,59
32623,899,55
32630,902,64
32631,902,9
32632,902,2
32633,902,21
32938,781,64
32940,781,35
32941,781,23
32942,781,12
32943,781,55
32944,781,27
33042,183,64
33044,183,2
33045,183,4
33048,183,28
34707,772,56
34796,886,2
34797,886,4
34798,886,9
34799,886,46
34800,886,24
34801,886,59
34898,352,56
35014,812,37
35015,812,46
35016,812,23
35113,40,32
35115,40,40
35116,40,43
35117,40,18
35118,40,55
